{
  "configs": {
    "xG": {
      "name": "xG",
      "mean": 0.1147572399800524,
      "std": 0.20991480300910034,
      "min_val": 4.492837269694669e-06,
      "max_val": 0.9819772218192161,
      "percentile_25": 0.0002871331359506321,
      "percentile_75": 0.1187845367253629,
      "median": 0.0072217631420748805
    },
    "xT": {
      "name": "xT",
      "mean": 0.3501303375780582,
      "std": 0.07040577032077898,
      "min_val": 0.2652060389518738,
      "max_val": 0.6496182680130005,
      "percentile_25": 0.3001239225268364,
      "percentile_75": 0.37443453818559647,
      "median": 0.33024731278419495
    },
    "target_xT": {
      "name": "target_xT",
      "mean": 0.3503554496804873,
      "std": 0.06935960228901993,
      "min_val": 0.2641957700252533,
      "max_val": 0.6514424681663513,
      "percentile_25": 0.30034974217414856,
      "percentile_75": 0.376004233956337,
      "median": 0.33199015259742737
    },
    "original_xT": {
      "name": "original_xT",
      "mean": 0.3501303375780582,
      "std": 0.07040577032077898,
      "min_val": 0.2652060389518738,
      "max_val": 0.6496182680130005,
      "percentile_25": 0.3001239225268364,
      "percentile_75": 0.37443453818559647,
      "median": 0.33024731278419495
    },
    "opponent_xT": {
      "name": "opponent_xT",
      "mean": 0.3421031421932909,
      "std": 0.049680784305671494,
      "min_val": 0.2636726498603821,
      "max_val": 0.633639931678772,
      "percentile_25": 0.30764682590961456,
      "percentile_75": 0.362480103969574,
      "median": 0.3319837898015976
    },
    "current_xT": {
      "name": "current_xT",
      "mean": null,
      "std": null,
      "min_val": null,
      "max_val": null,
      "percentile_25": null,
      "percentile_75": null,
      "median": null
    },
    "carry_xT": {
      "name": "carry_xT",
      "mean": null,
      "std": null,
      "min_val": null,
      "max_val": null,
      "percentile_25": null,
      "percentile_75": null,
      "median": null
    },
    "success_prob": {
      "name": "success_prob",
      "mean": 0.6474059455348947,
      "std": 0.3645872634179188,
      "min_val": 0.00637075431431849,
      "max_val": 0.9999999485259512,
      "percentile_25": 0.27246200658904907,
      "percentile_75": 0.9933243743265849,
      "median": 0.8033291176318857
    },
    "P(success)": {
      "name": "P(success)",
      "mean": null,
      "std": null,
      "min_val": null,
      "max_val": null,
      "percentile_25": null,
      "percentile_75": null,
      "median": null
    },
    "reward": {
      "name": "reward",
      "mean": 0.00022511210242907206,
      "std": 0.09495523179021885,
      "min_val": -0.36107751727104187,
      "max_val": 0.34908777475357056,
      "percentile_25": -0.04472868889570236,
      "percentile_75": 0.046080321073532104,
      "median": 0.0003636181354522705
    },
    "risk": {
      "name": "risk",
      "mean": 0.6922334797713492,
      "std": 0.07026919335675616,
      "min_val": 0.5487563908100128,
      "max_val": 1.1625576615333557,
      "percentile_25": 0.6453629434108734,
      "percentile_75": 0.7188089787960052,
      "median": 0.6758113950490952
    },
    "score": {
      "name": "score",
      "mean": -0.258113524969778,
      "std": 0.20810104416546796,
      "min_val": -0.8343295998258142,
      "max_val": 0.01676148495449898,
      "percentile_25": -0.46247202826521827,
      "percentile_75": -0.06686974055520425,
      "median": -0.19157351548564255
    }
  },
  "calibrated": true
}